[{"id":"user-image-Screenshot2022-12-28182606.jpg","publicUrl":"np://user.desktop.nicepage.com/Site_124159627/images/Screenshot2022-12-28182606.jpg","size":270070,"fileName":"Screenshot2022-12-28182606.jpg","name":"Screenshot2022-12-28182606","width":1117,"height":742,"thumbnail":{"url":"np://user.desktop.nicepage.com/Site_124159627/images/thumbnails/Screenshot2022-12-28182606.jpg","width":250,"height":166},"usages":["2276211499"]},{"id":"user-image-Screenshot2022-12-28182724.jpg","publicUrl":"np://user.desktop.nicepage.com/Site_124159627/images/Screenshot2022-12-28182724.jpg","size":223336,"fileName":"Screenshot2022-12-28182724.jpg","name":"Screenshot2022-12-28182724","width":1121,"height":658,"thumbnail":{"url":"np://user.desktop.nicepage.com/Site_124159627/images/thumbnails/Screenshot2022-12-28182724.jpg","width":250,"height":147},"usages":["2276211499"]},{"id":"user-image-icon.jpg","publicUrl":"np://user.desktop.nicepage.com/Site_124159627/images/icon.jpg","size":1772,"fileName":"icon.jpg","name":"icon","width":53,"height":52,"thumbnail":{"url":"np://user.desktop.nicepage.com/Site_124159627/images/thumbnails/icon.jpg","height":52,"width":53,"length":1772,"type":"jpg"},"usages":["2276211499"]},{"id":"user-image-Screenshot2022-12-28184443.jpg","publicUrl":"np://user.desktop.nicepage.com/Site_124159627/images/Screenshot2022-12-28184443.jpg","size":130409,"fileName":"Screenshot2022-12-28184443.jpg","name":"Screenshot2022-12-28184443","width":488,"height":747,"thumbnail":{"url":"np://user.desktop.nicepage.com/Site_124159627/images/thumbnails/Screenshot2022-12-28184443.jpg","width":163,"height":250},"usages":["2276211499"]},{"id":"user-image-Screenshot2022-12-28184602.jpg","publicUrl":"np://user.desktop.nicepage.com/Site_124159627/images/Screenshot2022-12-28184602.jpg","size":199901,"fileName":"Screenshot2022-12-28184602.jpg","name":"Screenshot2022-12-28184602","width":1007,"height":701,"thumbnail":{"url":"np://user.desktop.nicepage.com/Site_124159627/images/thumbnails/Screenshot2022-12-28184602.jpg","width":250,"height":174},"usages":["2276211499"]},{"id":"user-image-Screenshot2022-12-28185216.jpg","publicUrl":"np://user.desktop.nicepage.com/Site_124159627/images/Screenshot2022-12-28185216.jpg","size":98430,"fileName":"Screenshot2022-12-28185216.jpg","name":"Screenshot2022-12-28185216","width":457,"height":655,"thumbnail":{"url":"np://user.desktop.nicepage.com/Site_124159627/images/thumbnails/Screenshot2022-12-28185216.jpg","width":174,"height":250},"usages":["1009723026"]},{"id":"user-image-Screenshot2022-12-28185227.jpg","publicUrl":"np://user.desktop.nicepage.com/Site_124159627/images/Screenshot2022-12-28185227.jpg","size":74389,"fileName":"Screenshot2022-12-28185227.jpg","name":"Screenshot2022-12-28185227","width":446,"height":646,"thumbnail":{"url":"np://user.desktop.nicepage.com/Site_124159627/images/thumbnails/Screenshot2022-12-28185227.jpg","width":173,"height":250},"usages":["1009723026"]},{"id":"user-image-Screenshot2022-12-28185238.jpg","publicUrl":"np://user.desktop.nicepage.com/Site_124159627/images/Screenshot2022-12-28185238.jpg","size":101497,"fileName":"Screenshot2022-12-28185238.jpg","name":"Screenshot2022-12-28185238","width":455,"height":596,"thumbnail":{"url":"np://user.desktop.nicepage.com/Site_124159627/images/thumbnails/Screenshot2022-12-28185238.jpg","width":191,"height":250},"usages":["1009723026"]},{"id":"user-image-Screenshot2022-12-28185248.jpg","publicUrl":"np://user.desktop.nicepage.com/Site_124159627/images/Screenshot2022-12-28185248.jpg","size":113219,"fileName":"Screenshot2022-12-28185248.jpg","name":"Screenshot2022-12-28185248","width":457,"height":597,"thumbnail":{"url":"np://user.desktop.nicepage.com/Site_124159627/images/thumbnails/Screenshot2022-12-28185248.jpg","width":191,"height":250},"usages":["1009723026"]},{"id":"user-image-Screenshot2022-12-28185258.jpg","publicUrl":"np://user.desktop.nicepage.com/Site_124159627/images/Screenshot2022-12-28185258.jpg","size":75623,"fileName":"Screenshot2022-12-28185258.jpg","name":"Screenshot2022-12-28185258","width":455,"height":635,"thumbnail":{"url":"np://user.desktop.nicepage.com/Site_124159627/images/thumbnails/Screenshot2022-12-28185258.jpg","width":179,"height":250},"usages":["1009723026"]},{"id":"user-image-Screenshot2022-12-28185309.jpg","publicUrl":"np://user.desktop.nicepage.com/Site_124159627/images/Screenshot2022-12-28185309.jpg","size":84916,"fileName":"Screenshot2022-12-28185309.jpg","name":"Screenshot2022-12-28185309","width":457,"height":592,"thumbnail":{"url":"np://user.desktop.nicepage.com/Site_124159627/images/thumbnails/Screenshot2022-12-28185309.jpg","width":193,"height":250},"usages":["1009723026"]},{"id":"user-image-Screenshot2022-12-28185319.jpg","publicUrl":"np://user.desktop.nicepage.com/Site_124159627/images/Screenshot2022-12-28185319.jpg","size":95727,"fileName":"Screenshot2022-12-28185319.jpg","name":"Screenshot2022-12-28185319","width":455,"height":612,"thumbnail":{"url":"np://user.desktop.nicepage.com/Site_124159627/images/thumbnails/Screenshot2022-12-28185319.jpg","width":186,"height":250},"usages":["1009723026"]},{"id":"user-image-Screenshot2022-12-28185328.jpg","publicUrl":"np://user.desktop.nicepage.com/Site_124159627/images/Screenshot2022-12-28185328.jpg","size":97730,"fileName":"Screenshot2022-12-28185328.jpg","name":"Screenshot2022-12-28185328","width":451,"height":617,"thumbnail":{"url":"np://user.desktop.nicepage.com/Site_124159627/images/thumbnails/Screenshot2022-12-28185328.jpg","width":183,"height":250},"usages":["1009723026"]},{"id":"user-image-Screenshot2022-12-28191517.jpg","publicUrl":"np://user.desktop.nicepage.com/Site_124159627/images/Screenshot2022-12-28191517.jpg","size":148209,"fileName":"Screenshot2022-12-28191517.jpg","name":"Screenshot2022-12-28191517","width":658,"height":693,"thumbnail":{"url":"np://user.desktop.nicepage.com/Site_124159627/images/thumbnails/Screenshot2022-12-28191517.jpg","width":237,"height":250},"usages":["65501524"]},{"id":"user-image-2001019.jpg","publicUrl":"np://user.desktop.nicepage.com/Site_124159627/images/2001019.jpg","size":24262,"fileName":"2001019.jpg","name":"2001019","width":211,"height":141,"thumbnail":{"url":"np://user.desktop.nicepage.com/Site_124159627/images/thumbnails/2001019.jpg","height":141,"width":211,"length":24262,"type":"jpg"},"usages":["65501524"]},{"id":"user-image-26575.jpg","publicUrl":"np://user.desktop.nicepage.com/Site_124159627/images/26575.jpg","size":17460,"fileName":"26575.jpg","name":"26575","width":204,"height":136,"thumbnail":{"url":"np://user.desktop.nicepage.com/Site_124159627/images/thumbnails/26575.jpg","height":136,"width":204,"length":17460,"type":"jpg"},"usages":["65501524"]},{"id":"user-image-Screenshot2022-12-28192439.jpg","publicUrl":"np://user.desktop.nicepage.com/Site_124159627/images/Screenshot2022-12-28192439.jpg","size":148264,"fileName":"Screenshot2022-12-28192439.jpg","name":"Screenshot2022-12-28192439","width":1035,"height":640,"thumbnail":{"url":"np://user.desktop.nicepage.com/Site_124159627/images/thumbnails/Screenshot2022-12-28192439.jpg","width":250,"height":155},"usages":["65501524"]},{"id":"user-image-Screenshot2022-12-28192452.jpg","publicUrl":"np://user.desktop.nicepage.com/Site_124159627/images/Screenshot2022-12-28192452.jpg","size":133492,"fileName":"Screenshot2022-12-28192452.jpg","name":"Screenshot2022-12-28192452","width":927,"height":663,"thumbnail":{"url":"np://user.desktop.nicepage.com/Site_124159627/images/thumbnails/Screenshot2022-12-28192452.jpg","width":250,"height":179},"usages":["65501524"]},{"id":"user-image-Screenshot2022-12-28192405.jpg","publicUrl":"np://user.desktop.nicepage.com/Site_124159627/images/Screenshot2022-12-28192405.jpg","size":80600,"fileName":"Screenshot2022-12-28192405.jpg","name":"Screenshot2022-12-28192405","width":547,"height":715,"thumbnail":{"url":"np://user.desktop.nicepage.com/Site_124159627/images/thumbnails/Screenshot2022-12-28192405.jpg","width":191,"height":250},"usages":["65501524"]},{"id":"user-image-Screenshot2022-12-28192754.jpg","publicUrl":"np://user.desktop.nicepage.com/Site_124159627/images/Screenshot2022-12-28192754.jpg","size":62915,"fileName":"Screenshot2022-12-28192754.jpg","name":"Screenshot2022-12-28192754","width":542,"height":332,"thumbnail":{"url":"np://user.desktop.nicepage.com/Site_124159627/images/thumbnails/Screenshot2022-12-28192754.jpg","width":250,"height":153},"usages":["65501524"]},{"id":"user-image-Screenshot2022-12-28192846.jpg","publicUrl":"np://user.desktop.nicepage.com/Site_124159627/images/Screenshot2022-12-28192846.jpg","size":57978,"fileName":"Screenshot2022-12-28192846.jpg","name":"Screenshot2022-12-28192846","width":546,"height":281,"thumbnail":{"url":"np://user.desktop.nicepage.com/Site_124159627/images/thumbnails/Screenshot2022-12-28192846.jpg","width":250,"height":129},"usages":["65501524"]},{"id":"user-image-Screenshot2022-12-28200153.jpg","publicUrl":"np://user.desktop.nicepage.com/Site_124159627/images/Screenshot2022-12-28200153.jpg","size":40955,"fileName":"Screenshot2022-12-28200153.jpg","name":"Screenshot2022-12-28200153","width":356,"height":358,"thumbnail":{"url":"np://user.desktop.nicepage.com/Site_124159627/images/thumbnails/Screenshot2022-12-28200153.jpg","width":249,"height":250},"usages":["54962123"]},{"id":"user-image-Screenshot2022-12-28205352.jpg","publicUrl":"np://user.desktop.nicepage.com/Site_124159627/images/Screenshot2022-12-28205352.jpg","size":57186,"fileName":"Screenshot2022-12-28205352.jpg","name":"Screenshot2022-12-28205352","width":535,"height":741,"thumbnail":{"url":"np://user.desktop.nicepage.com/Site_124159627/images/thumbnails/Screenshot2022-12-28205352.jpg","width":180,"height":250},"usages":["54962123"]},{"id":"user-image-Screenshot2022-12-28210332.jpg","publicUrl":"np://user.desktop.nicepage.com/Site_124159627/images/Screenshot2022-12-28210332.jpg","size":8752,"fileName":"Screenshot2022-12-28210332.jpg","name":"Screenshot2022-12-28210332","width":186,"height":210,"thumbnail":{"url":"np://user.desktop.nicepage.com/Site_124159627/images/thumbnails/Screenshot2022-12-28210332.jpg","height":210,"width":186,"length":8752,"type":"jpg"},"usages":["54962123"]},{"id":"user-image-Screenshot2022-12-28210431.jpg","publicUrl":"np://user.desktop.nicepage.com/Site_124159627/images/Screenshot2022-12-28210431.jpg","size":24718,"fileName":"Screenshot2022-12-28210431.jpg","name":"Screenshot2022-12-28210431","width":257,"height":263,"thumbnail":{"url":"np://user.desktop.nicepage.com/Site_124159627/images/thumbnails/Screenshot2022-12-28210431.jpg","width":244,"height":250},"usages":["54962123"]},{"id":"user-image-Screenshot2022-12-28210531.jpg","publicUrl":"np://user.desktop.nicepage.com/Site_124159627/images/Screenshot2022-12-28210531.jpg","size":16721,"fileName":"Screenshot2022-12-28210531.jpg","name":"Screenshot2022-12-28210531","width":193,"height":225,"thumbnail":{"url":"np://user.desktop.nicepage.com/Site_124159627/images/thumbnails/Screenshot2022-12-28210531.jpg","height":225,"width":193,"length":16721,"type":"jpg"},"usages":["54962123"]},{"id":"user-image-Screenshot2022-12-28210714.jpg","publicUrl":"np://user.desktop.nicepage.com/Site_124159627/images/Screenshot2022-12-28210714.jpg","size":7359,"fileName":"Screenshot2022-12-28210714.jpg","name":"Screenshot2022-12-28210714","width":125,"height":142,"thumbnail":{"url":"np://user.desktop.nicepage.com/Site_124159627/images/thumbnails/Screenshot2022-12-28210714.jpg","height":142,"width":125,"length":7359,"type":"jpg"},"usages":["54962123"]},{"id":"user-image-Screenshot2022-12-28211503.jpg","publicUrl":"np://user.desktop.nicepage.com/Site_124159627/images/Screenshot2022-12-28211503.jpg","size":7700,"fileName":"Screenshot2022-12-28211503.jpg","name":"Screenshot2022-12-28211503","width":116,"height":218,"thumbnail":{"url":"np://user.desktop.nicepage.com/Site_124159627/images/thumbnails/Screenshot2022-12-28211503.jpg","height":218,"width":116,"length":7700,"type":"jpg"},"usages":["54962123"]},{"id":"user-image-Screenshot2022-12-28211527.jpg","publicUrl":"np://user.desktop.nicepage.com/Site_124159627/images/Screenshot2022-12-28211527.jpg","size":8822,"fileName":"Screenshot2022-12-28211527.jpg","name":"Screenshot2022-12-28211527","width":138,"height":170,"thumbnail":{"url":"np://user.desktop.nicepage.com/Site_124159627/images/thumbnails/Screenshot2022-12-28211527.jpg","height":170,"width":138,"length":8822,"type":"jpg"},"usages":["54962123"]}]